case_key,year,region,rows_in_block,outer_fold,canossem_n,canossem_rmse,canossem_mae,canossem_r2_predictive,canossem_bias_pred_minus_obs,canossem_within_3,canossem_pred_on_obs_slope,canossem_pred_on_obs_intercept,ours_stage1_n,ours_stage1_rmse,ours_stage1_mae,ours_stage1_r2_predictive,ours_stage1_bias_pred_minus_obs,ours_stage1_within_3,ours_stage1_pred_on_obs_slope,ours_stage1_pred_on_obs_intercept,ours_final_n,ours_final_rmse,ours_final_mae,ours_final_r2_predictive,ours_final_bias_pred_minus_obs,ours_final_within_3,ours_final_pred_on_obs_slope,ours_final_pred_on_obs_intercept,rmse_margin_canossem_minus_ours,r2_margin_ours_minus_canossem,winner
PAIR_2012_Central,2012,Central,2903,1,2903,2.356926387631083,1.626704857396054,0.6718763191837941,1.1091812145495619,0.7953840854288667,0.7097336471542914,2.740277015634849,2903,1.4725938642182035,1.0331283276278864,0.8719110957307017,0.5070579214415845,0.9555632104719256,0.9189799497229416,0.9623344718066018,2903,1.4713978400948704,1.017111880435861,0.8721190759627948,0.45632299321302766,0.9541853255253187,0.9499372087714797,0.7376411954879352,0.8855285475362125,0.20024275677900072,ours
PAIR_2012_East,2012,East,2181,1,2181,2.7783395640747144,2.025679000796247,0.5208077495595707,1.4543047075690518,0.7033470884915176,0.5810590943297764,3.595871169678886,2181,2.2772153299119164,1.6547608745904905,0.6780804613112894,0.4918019228226243,0.8587803759743237,0.651029968498899,2.275687205040574,2181,2.276028195878578,1.6305478790229153,0.678416013266438,0.4670496029974215,0.8505272810637322,0.6897499219857174,2.0530039773486286,0.5023113681961364,0.1576082637068673,ours
PAIR_2012_North,2012,North,1797,8,1797,3.031672111400359,2.2925269839538145,0.25290635493528524,2.0325862365094847,0.6316082359488036,0.5923156480381985,3.7658395954702977,1797,2.104765709749708,1.5572318433561256,0.6399041598651591,0.9309704356040907,0.8964941569282137,0.6722962998931922,2.32418932227657,1797,2.097599151535917,1.5242505903921557,0.6423521799366356,0.9142017292905786,0.8920422927100723,0.7210760792052162,2.100035378008538,0.9340729598644422,0.3894458250013504,ours
PAIR_2012_Toronto,2012,Toronto,1827,3,1827,2.274633017725922,1.6153648404731153,0.7534742611264316,0.2849628048106688,0.8286808976464148,0.6691946778866382,2.511667364614094,1827,1.8396989185007484,1.3352460212123172,0.8387376080007742,0.23652207638549116,0.9085933223864259,0.7558718116083554,1.8797887167025482,1827,1.8214730226431215,1.304047525090087,0.8419170331194342,0.2176877127746202,0.9091406677613574,0.7790172455298506,1.7051586635835083,0.4531599950828007,0.08844277199300266,ours
PAIR_2012_West_NH,2012,West_NH,2550,8,2550,2.4530627191066148,1.5754972160085434,0.7245243925871512,0.42002716957699615,0.8227450980392157,0.6648949244930373,2.620301070605801,2550,1.85372238100755,1.3191244626141156,0.8426903981985909,0.2981058387348189,0.9207843137254902,0.7793477338464739,1.746891482121406,2550,1.8269091915252529,1.2952907744188555,0.8472082987743033,0.27140892034954894,0.9184313725490196,0.8064964753413719,1.5419380354915795,0.6261535275813619,0.12268390618715208,ours
PAIR_2012_West_SW,2012,West_SW,2879,3,2879,2.3329510534892854,1.4992045884899603,0.7382789570039217,0.5226495027667423,0.8232025008683571,0.6963115494786337,2.583229509432428,2879,2.428365108992692,1.773836645537483,0.7164332168184531,0.1292673702176204,0.8315387287252518,0.671750595732025,2.356497804807109,2879,2.426277369371921,1.7651865486968201,0.7169205892651292,0.13846410078932742,0.8304967002431399,0.701979528340451,2.160585865461242,-0.0933263158826354,-0.021358367738792405,canossem
PAIR_2013_Central,2013,Central,2906,2,2906,3.273309624325254,1.8717024018909858,0.5391144503507015,-0.4535443805581533,0.8210598761183757,0.53354479199706,3.076383278417378,2906,1.787062455130987,1.2407838021720443,0.8626279503147438,0.09249106461488564,0.9249827942188575,0.8651102959151546,1.1132769604326085,2906,1.7917543964180194,1.241897707944742,0.8619056613837522,0.10514430098719273,0.9287680660701996,0.8826008968422477,0.9935690291614369,1.4815552279072346,0.32279121103305075,ours
PAIR_2013_East,2013,East,2176,4,2176,3.051631541915146,1.7311345522047374,0.5458868144899869,-0.17428571961589578,0.8327205882352942,0.4986999099065825,3.1983407827837778,2176,2.5958347066319294,1.6444385206801149,0.6714102656692704,-0.5691410667888868,0.8575367647058824,0.6388797301559921,1.8603893017427922,2176,2.592780612538996,1.6642346548749338,0.6721830064073757,-0.568294122881758,0.8589154411764706,0.6670491496147647,1.6717191629656387,0.45885092937615024,0.12629619191738883,ours
PAIR_2013_North,2013,North,1814,1,1814,2.2619006369495094,1.4759909958007822,0.5373085174328371,0.5783245901705659,0.8577728776185226,0.5790339958159728,2.9815235290868687,1814,1.9409130889802808,1.3649918150865907,0.6593121569115934,-0.43232451635808805,0.9040793825799338,0.5974863156842974,1.8655343355028327,1814,1.948866502110151,1.3675329665937614,0.6565143161418383,-0.4785360467869598,0.9013230429988974,0.6278355211028267,1.6460661108662276,0.3130341348393584,0.11920579870900117,ours
PAIR_2013_Toronto,2013,Toronto,1806,6,1806,3.6251695981823007,2.1276986854351736,0.4876958629229369,-1.1882068092190745,0.8128460686600222,0.5335294521043834,2.8079559117323583,1806,2.0686616317744195,1.4149751676483528,0.8331792291721734,-0.21154482013960366,0.8942414174972314,0.7773582175467966,1.6957841531030244,1806,2.090154272903801,1.4153238387456317,0.8296948076469483,-0.1327628201074954,0.897563676633444,0.7980719332821601,1.5971157674516838,1.5350153252784997,0.3419989447240114,ours
PAIR_2013_West_NH,2013,West_NH,2522,6,2522,3.8914176752661414,2.1504448322264524,0.40121530454990373,-1.2928120513867547,0.789056304520222,0.471498724514381,3.3292210737053027,2522,2.5970518589792375,1.7917942554021877,0.7333041603444812,-0.9181900841375907,0.8235527359238699,0.7156045505328662,1.5690038906635297,2522,2.5614009844878693,1.7832792485951612,0.7405760059453292,-0.8852925153366984,0.8310864393338621,0.7422510769541109,1.368862991062495,1.330016690778272,0.3393607013954255,ours
PAIR_2013_West_SW,2013,West_SW,2842,6,2842,3.4402375003754844,1.8795140525738931,0.43960636184595114,-0.8140948806763454,0.8071780436312456,0.4914960829755058,3.3559916295982424,2842,2.5737131955584807,1.8405106099354125,0.6863562457866281,-0.7412626454221436,0.814567206192822,0.6424168182220001,2.1911686549284357,2842,2.5434451911723555,1.8329344352341224,0.6936900446173979,-0.6926439459511347,0.8166783954961295,0.6692204766276805,2.0199786752498805,0.8967923092031289,0.2540836827714468,ours
PAIR_2014_Central,2014,Central,2920,4,2920,4.257153122798553,2.248400300049534,0.27128555244158403,-0.8793862747324156,0.788013698630137,0.32597856702970995,4.483903828602344,2920,1.7564110719228916,1.2489461921207243,0.875957311785538,-0.33186547781408826,0.9202054794520548,0.8203667023770316,1.0975037384213868,2920,1.7366505663459373,1.2411467259665747,0.8787326961575673,-0.28688956125313514,0.923972602739726,0.8460072690098647,0.9384538027779753,2.520502556452616,0.6074471437159833,ours
PAIR_2014_East,2014,East,2189,4,2189,2.9930621317605857,1.69365989806389,0.37779617463263915,-0.24937930033297126,0.8373686614892645,0.3672651451830045,3.8937015969019377,2189,2.118105127554787,1.45078725134612,0.6884008707011329,-0.6121687736810756,0.8899040657834628,0.6463751563412382,1.703329295370362,2189,2.0972671445494644,1.4517932670237346,0.694501755526507,-0.6123612311904627,0.8894472361809045,0.6772479343125195,1.5009851534964669,0.8957949872111213,0.3167055808938678,ours
PAIR_2014_North,2014,North,1809,2,1809,2.735906841704057,1.7872150362415735,0.3120174546366661,0.36858062410084663,0.8004422332780542,0.389367341844483,4.004662513722793,1809,2.0854028307550068,1.5083189185628745,0.6002810604991768,-0.45124594710040106,0.8938640132669984,0.5929924997441827,1.9723266883539716,1809,2.079918600202464,1.5120873063403841,0.602380672438864,-0.45193646275204397,0.8883360972913211,0.6262691588595322,1.7734865062204757,0.6559882415015932,0.29036321780219787,ours
PAIR_2014_Toronto,2014,Toronto,1823,5,1823,4.818279316433621,2.6104810436374013,0.13790790284724197,-1.7792426679220945,0.7668678003291278,0.29091337129380945,4.691733189050491,1823,1.9198732327194676,1.344292190163668,0.8631279329220783,-0.28766605342151785,0.9122325836533187,0.8249771481528498,1.3095557850270525,1823,1.904520397841876,1.3458061403352246,0.8653082561630034,-0.17234138875196273,0.9089413055403182,0.8513741294880948,1.183987134264901,2.913758918591745,0.7274003533157615,ours
PAIR_2014_West_NH,2014,West_NH,2188,2,2188,5.507889914013428,3.3626412543617827,0.162590904622803,-0.5068241529322097,0.6311700182815356,0.22139385107208426,5.839253232093748,2188,4.019718889398164,2.4411036665226384,0.553975683819709,0.7589752489345665,0.7586837294332724,0.5863946128665191,4.130091438071794,2188,4.016719594146057,2.4213832132506345,0.554641033596317,0.8199399104601445,0.7641681901279708,0.6028888996231765,4.056618399211002,1.4911703198673711,0.392050128973514,ours
PAIR_2014_West_SW,2014,West_SW,2908,1,2908,4.34419107174437,2.345896650246467,0.21468491602899265,-1.2924711017599344,0.7802613480055021,0.3502190132647065,4.378893331169957,2908,2.6661220605833087,1.8405745531674353,0.7042081805818994,-0.7167294686796422,0.8153370013755158,0.6779695435831784,2.0939900108464045,2908,2.6481176861466844,1.835847019628412,0.708189667393871,-0.6577433656758725,0.811554332874828,0.7001054568075418,1.959771274813816,1.6960733855976855,0.49350475136487837,ours
PAIR_2015_Central,2015,Central,2907,2,2907,3.640044810316944,1.9349368840268741,0.4908001344763202,-0.6359312355056715,0.8187134502923976,0.4949663935693175,3.3140725796757975,2907,1.7852493442830564,1.2429979032386638,0.8775179110439584,-0.16444734113017986,0.9188166494668043,0.8356230360260953,1.1211891522780775,2907,1.7736463617334273,1.240428401942472,0.8791048481699774,-0.12272285587343339,0.9198486412108703,0.8573534878915399,0.9929539226145356,1.8663984485835166,0.38830471369365716,ours
PAIR_2015_East,2015,East,2177,1,2177,2.628553968492432,1.4459744980261207,0.5507448162335211,-0.07712867857257018,0.8456591639871383,0.511763045613923,3.043463544046649,2177,1.8557734140344435,1.2835316872497913,0.7760715892319326,0.10347956966976996,0.9191548001837391,0.7848515529902049,1.4786122064272555,2177,1.8762338412717996,1.299303343377256,0.7711066209554135,0.14937793795387766,0.915480018373909,0.8212610861637687,1.2917971247565436,0.7523201272206326,0.22036180472189237,ours
PAIR_2015_North,2015,North,1809,3,1809,2.2925311185592863,1.4541961974905309,0.5348008568380316,0.3502026197247651,0.8430071862907684,0.5534061280874781,3.0196244658265434,1809,1.8959945938738456,1.3595467496406135,0.6818128646914123,-0.30708034282263996,0.8999447208402432,0.6942082571252893,1.5207261053302918,1809,1.911260190893905,1.3782225645008432,0.6766684714129043,-0.2776091949798585,0.8999447208402432,0.7379572187732838,1.2886969476106584,0.3812709276653812,0.14186761457487274,ours
PAIR_2015_Toronto,2015,Toronto,1813,4,1813,4.266476111917186,2.395178726200222,0.3695768414214099,-1.3975867806636264,0.7755102040816326,0.44888797138549635,3.474093958870267,1813,2.0000160818560917,1.4066639422486344,0.8614646847162459,0.07798773029407517,0.9040264754550469,0.8523297497778476,1.3833526587605884,1813,2.022007040313508,1.423024521217442,0.8584014361213156,0.1381444737602028,0.9045780474351903,0.8703327005424206,1.2843682041747762,2.2444690716036777,0.4888245946999057,ours
PAIR_2015_West_NH,2015,West_NH,2542,2,2542,4.090608252873172,2.2100638413859364,0.40402208245499793,-1.2320356173822373,0.7930763178599528,0.4662619563134008,3.518629390574952,2542,2.096652505010462,1.475811021623728,0.8434304502785981,-0.31185743730042653,0.8827694728560189,0.7865163002508831,1.5883060495708219,2542,2.064422392665838,1.461965133876531,0.8482070817999293,-0.24476397182022816,0.8835562549173879,0.8115675063632181,1.4324251745618584,2.0261858602073337,0.4441849993449314,ours
PAIR_2015_West_SW,2015,West_SW,2900,5,2900,3.8346196024377894,2.0839981352449604,0.4183449189642602,-0.8100134614240646,0.7872413793103449,0.4632085931904706,3.62426403631025,2900,2.297722746949333,1.622063580965242,0.7911587915773343,-0.14776391845049508,0.8586206896551725,0.7439780634837801,1.9671587453973387,2900,2.2824296560718884,1.621419077040921,0.7939295339646428,-0.086413459017484,0.8586206896551725,0.7717856538746618,1.798798798195145,1.552189946365901,0.37558461500038265,ours
PAIR_2016_Central,2016,Central,1463,1,1463,2.708131369879201,1.675829386280999,0.5391543170336107,-0.08872883099898819,0.8427887901572112,0.4936310144250155,3.328542037694962,1463,1.4204977179763112,1.074420935561822,0.8732064538048001,0.03481694346895009,0.9583048530416951,0.8482717631309205,1.0587668665122194,1463,1.4171607355703792,1.0642207404567718,0.8738014718081394,-0.002107449574401298,0.9535201640464799,0.867979827387545,0.8888410539880952,1.2909706343088216,0.33464715477452867,ours
PAIR_2016_East,2016,East,2194,8,2194,2.301186847254431,1.3664736325266218,0.501662248885663,0.40685827482177384,0.8632634457611669,0.49555700126959357,3.2369800033067833,2194,1.807409412433266,1.2571778266427818,0.6925793042948212,-0.13448673640971207,0.9293527803099362,0.6886354272910257,1.6123898084564934,2194,1.8080258100478017,1.271697291723279,0.6923695834706052,-0.14770929414869508,0.9284412032816773,0.7319787023099817,1.3559945935023632,0.4931610372066293,0.19070733458494216,ours
PAIR_2016_North,2016,North,1500,4,1500,2.2429561446381574,1.484862902459557,0.2773476114274047,0.9290744513362439,0.8253333333333334,0.47935479221552724,3.510060859841795,1500,1.7270561983110868,1.2779998287253949,0.5715493385355365,-0.06432151501761765,0.9213333333333333,0.5519075470188487,2.1570002480687323,1500,1.7253214551438651,1.2793183967305417,0.5724096215746082,-0.08833251321206226,0.9226666666666666,0.5929127781743254,1.9297146538393513,0.5176346894942923,0.29506201014720346,ours
PAIR_2016_Toronto,2016,Toronto,1825,6,1825,2.8918223659584585,1.7944388516588694,0.4769424268439114,-0.48546651792301043,0.8378082191780822,0.48266169607902404,3.284651931847831,1825,1.73401564743412,1.262952968908499,0.8119331310963189,0.06597012881660544,0.9260273972602739,0.8019156706825631,1.50951563648547,1825,1.7413908535827878,1.2767919075258436,0.8103299372285268,0.0645973575834425,0.9243835616438356,0.8235603463789455,1.3504066401095718,1.1504315123756708,0.33338751038461534,ours
PAIR_2016_West_NH,2016,West_NH,2165,7,2165,2.8543632728186306,1.5956390623009893,0.49272462964528874,-0.6428151978968033,0.8558891454965358,0.4795303391279852,3.2240066118904336,2165,1.726848412299219,1.2356955074819875,0.8143334281949619,-0.01349609737981736,0.9247113163972286,0.8263929842354855,1.276314712659649,2165,1.7337411641087335,1.2448174825206086,0.8128482860465664,0.011098697467959922,0.9242494226327944,0.8534595916674019,1.099818539478025,1.120622108709897,0.3201236564012777,ours
PAIR_2016_West_SW,2016,West_SW,2092,8,2092,2.5190323568462416,1.4274708239768812,0.5568248634897821,-0.32338767000540736,0.8561185468451242,0.5469981756500887,2.987795556242165,2092,1.8374823084489351,1.4147798996560805,0.7641943386041447,0.1941905727644044,0.9034416826003824,0.752031504922542,2.006697890404062,2092,1.8444788170284772,1.4148884819011134,0.7623951840810228,0.20723037207126588,0.8986615678776291,0.7821994394158287,1.7992274107334445,0.6745535398177644,0.2055703205912407,ours
PAIR_2017_Central,2017,Central,2915,5,2915,2.6712257072432326,1.6588170821743295,0.5458442607952144,0.35079655045530556,0.8384219554030875,0.5445194130683036,3.263276463861391,2915,1.4832145850948544,1.077104969405082,0.8599795044295002,0.1409757291136932,0.9584905660377359,0.853620967488681,1.0769673040893446,2915,1.4837047244288615,1.078982846778377,0.8598869475025255,0.13049884997874936,0.9571183533447685,0.8792829308389153,0.9024001103712965,1.1875209828143711,0.31404268670731106,ours
PAIR_2017_East,2017,East,2175,5,2175,2.7967972272711066,1.7028402332981962,0.3289547811367992,0.764816568143494,0.7967816091954023,0.4489209428132632,3.7795024044119967,2175,1.9243740889269427,1.412770839099585,0.6823061359892006,0.2418618612581284,0.8979310344827586,0.6938610366868263,1.91659942312743,2175,1.9270476457569787,1.4185030013256785,0.6814227707154421,0.23238430047282407,0.8979310344827586,0.7284923747632566,1.7176706338323422,0.8697495815141278,0.3524679895786429,ours
PAIR_2017_North,2017,North,1820,2,1820,2.6654162467954325,1.7548329453655644,0.07786083915677733,1.2328651232300363,0.7813186813186813,0.4719420903239392,3.7877005026027146,1820,1.7261400054967007,1.2749703684556604,0.613260598693639,0.16491928743487536,0.9263736263736264,0.6458455789491798,1.878379550187005,1820,1.7457901482798628,1.2872917841277596,0.6044053028551356,0.12443499939604605,0.9241758241758242,0.6833235033960545,1.6565705900472147,0.9196260985155698,0.5265444636983583,ours
PAIR_2017_Toronto,2017,Toronto,1817,7,1817,2.8505990274101722,1.7837419844462794,0.5353425492251962,-0.2890222070449686,0.8453494771601541,0.5357718439584284,3.211696411008015,1817,1.7888850189793835,1.29445160932705,0.8170107848842928,-0.17716848044163966,0.914694551458448,0.7858659905741195,1.437604134704056,1817,1.7856836008443189,1.29716781454921,0.81766515985479,-0.17065979679465013,0.9168959823885525,0.8136595847514965,1.2345228757051716,1.0649154265658534,0.28232261062959385,ours
PAIR_2017_West_NH,2017,West_NH,2550,7,2550,2.6108157722807843,1.6152439332097581,0.5963221255884685,-0.2584327669057059,0.8454901960784313,0.5712648870874659,2.8446452745287076,2550,1.7544429735207847,1.2641803616191278,0.8177107727231654,-0.08693074841534797,0.9176470588235294,0.803406142846132,1.3359666603618945,2550,1.7627726324790516,1.2679319429671991,0.8159757358737443,-0.08265914393741843,0.9188235294117647,0.8293991680582088,1.152107217634221,0.8480431398017327,0.21965361028527575,ours
PAIR_2017_West_SW,2017,West_SW,3115,3,3115,2.5598842371320996,1.4878246347146609,0.5649941754097194,0.06231981246903984,0.8587479935794543,0.5444060113164979,3.0986551748647284,3115,1.9452402468852366,1.4652373748877192,0.7488108288845404,0.4331091278395188,0.8914927768860353,0.74847164832719,2.109435962256571,3115,1.9709550883965528,1.4764851047249037,0.7421258103215327,0.4479555006595413,0.88892455858748,0.7740434508803493,1.9538574166163576,0.5889291487355468,0.17713163491181327,ours
PAIR_2018_Central,2018,Central,2885,4,2885,3.4288304207625453,2.0453711785742774,0.39303976266666407,-0.005592031805149718,0.798266897746967,0.39805075430156533,4.0928114034585965,2885,1.530286293414276,1.088086419544669,0.8791035345411192,-0.08277832155258893,0.9438474870017332,0.8592299153083094,0.8756622825441644,2885,1.5277789230625036,1.09480309666722,0.8794993870998645,-0.08886020617198084,0.9459272097053726,0.8817886614934201,0.7159879754390073,1.9010514977000417,0.48645962443320045,ours
PAIR_2018_East,2018,East,2189,7,2189,3.012590404878015,1.882634209396254,0.3398561845924486,0.6124334596397837,0.7697578803106442,0.39060797239842293,4.077231317314115,2189,1.8281261902216097,1.3385887237262684,0.7569079685601676,0.21175021706369465,0.9086340794883508,0.74671351611687,1.6518518708219614,2189,1.840374368193026,1.3429088621096952,0.7536396945557746,0.1975057812890426,0.9031521242576519,0.7765361617989022,1.4680459144019444,1.172216036684989,0.413783509963326,ours
PAIR_2018_North,2018,North,1822,4,1822,3.058048561930469,2.055141678914344,0.4088237342229195,0.9976028931777128,0.7321624588364435,0.5070100802136805,3.6898125696300266,1822,2.6475599502643683,1.535933498240273,0.556881542676706,-0.1857234319504047,0.9034028540065862,0.5171363398639985,2.4511869105344473,1822,2.636395581284001,1.5276935706671877,0.5606107932905025,-0.21958575066283056,0.8995609220636663,0.5464497518399275,2.257244541086635,0.42165298064646795,0.15178705906758294,ours
PAIR_2018_Toronto,2018,Toronto,1820,3,1820,3.750040810425943,2.269349630146144,0.3182200959966234,-0.5937933167449151,0.782967032967033,0.3675031969416612,4.2844090707262374,1820,1.748981748797502,1.266185051301871,0.8516994496094272,-0.05674656531934632,0.9285714285714286,0.7858934044409508,1.5945745173789023,1820,1.7475465338070584,1.2728239408165274,0.8519427407055973,-0.03949349569380543,0.921978021978022,0.8017277651587298,1.4897033076657102,2.0024942766188847,0.5337226447089739,ours
PAIR_2018_West_NH,2018,West_NH,2542,5,2542,3.8035296660207925,2.2623352104395114,0.3714078794076776,-0.6771217991928508,0.7580645161290323,0.37540102129913594,4.153334127203865,2542,2.0484297399018616,1.399548946369501,0.8176786777153404,-0.2612060160037404,0.9036191974822974,0.7692978998374271,1.5229728971292267,2542,2.0327662240022093,1.3959669387500089,0.820456292516345,-0.25389480725258,0.9024390243902439,0.7932127906772936,1.3453337135072856,1.7707634420185832,0.4490484131086674,ours
PAIR_2018_West_SW,2018,West_SW,3267,8,3267,3.513960635094114,2.0008140195306576,0.3905883666101745,-0.15422781288779783,0.8010407101316193,0.3921625025814193,4.17081281393039,3267,2.0880993709959297,1.4997815972251496,0.7848113893908104,0.06640717102543672,0.8898071625344353,0.7304637650513165,1.984280239902397,3267,2.071996811914288,1.48436141769504,0.7881174836347511,0.0706331502288099,0.8870523415977961,0.760279055279235,1.7763568500988098,1.441963823179826,0.3975291170245766,ours
PAIR_2019_Central,2019,Central,3268,7,3268,3.2267450344900572,1.9720765337320179,0.41585368051755967,0.0598713975356918,0.7946756425948592,0.43773977032085837,3.7503527803142114,3268,1.5848194642237785,1.1658303206837837,0.8590867158655984,0.03998370455599645,0.9424724602203183,0.8590396224040029,0.9651987949498552,3268,1.590709030303229,1.1698031664607766,0.8580374352331015,0.016975204052476538,0.9409424724602203,0.8873516992026967,0.7563596295369536,1.6360360041868283,0.44218375471554183,ours
PAIR_2019_East,2019,East,2174,6,2174,2.7268860840444504,1.641146973880794,0.3933296017449949,0.5977246092330036,0.8261269549218031,0.42881062858644464,3.75366783639573,2174,1.763691493363963,1.2760354993322767,0.7462161077621352,0.053079025698971806,0.9287028518859246,0.7029828929150059,1.6941619561053836,2174,1.761709275112094,1.2786742392584034,0.7467862441749438,0.02853683876119471,0.9245630174793008,0.7410798357243431,1.4591260263705577,0.9651768089323565,0.3534566424299489,ours
PAIR_2019_North,2019,North,1821,2,1821,2.4323546732718406,1.721963964145939,0.2910627739149513,1.1169623347288489,0.7830862163646348,0.46311088260804434,3.66347379148902,1821,1.8246752229232666,1.2768146736130486,0.6010438834663612,0.357285169134345,0.9368478857770456,0.7356202116441747,1.6112613407028125,1821,2.020192257037109,1.281880200219346,0.5109656305517416,0.3111095978288173,0.9357495881383855,0.7802803143187748,1.3532590449641142,0.4121624162347315,0.21990285663679032,ours
PAIR_2019_Toronto,2019,Toronto,1821,8,1821,3.501946342652616,2.1816172250905086,0.3569490799438815,-0.5037838068680988,0.7786930258099946,0.38983318289252017,3.985075043017723,1821,1.8368842715135154,1.3673698585361929,0.8230746839957496,0.09774023293198125,0.9049972542559034,0.7772376793975144,1.7365520893319455,1821,1.8304433093934802,1.3636038318259387,0.8243132719120497,0.11681760583901853,0.9121361889071938,0.7980796950282302,1.6022994815020661,1.6715030332591356,0.46736419196816825,ours
PAIR_2019_West_NH,2019,West_NH,2546,8,2546,3.377661161308646,2.040104785086437,0.4315766724463008,-0.5882803630859462,0.788688138256088,0.44578821353498477,3.5101035520479833,2546,1.9970302735613814,1.3955213346204494,0.8012948928474996,-0.010977993525734824,0.8947368421052632,0.7572982467674849,1.7837961089296515,2546,1.9814618156030017,1.3781868004647995,0.8043809490396086,-0.001491701968932724,0.8923802042419482,0.7848686271837678,1.5894000464987479,1.396199345705644,0.3728042765933077,ours
PAIR_2019_West_SW,2019,West_SW,3274,1,3274,3.022703582845243,1.8229853639828355,0.5173838829168531,-0.07215721101041586,0.8042150274893097,0.49766994781826307,3.387936905772815,3274,2.131597284566729,1.5608858894424937,0.7599945983301721,0.11945469377383462,0.874160048869884,0.7020088017247662,2.172044594631069,3274,2.127254778654656,1.5505712145279185,0.7609714838507793,0.11379195928370094,0.8747709224190593,0.7323370844059299,1.957477949213331,0.895448804190587,0.24358760093392617,ours
PAIR_2020_Central,2020,Central,3278,2,3278,2.8617091329865803,1.8531743346885794,0.4325000228268424,0.49390667887535955,0.8172666259914582,0.5198901603074183,3.4996296967933285,3278,1.4874490079019342,1.0809333656130253,0.8466799182893502,0.03011738661378739,0.9521049420378279,0.8702344583006719,0.8425133080721198,3278,1.5158965286345245,1.1029618884407035,0.8407593336670316,0.00976137452535202,0.9505796217205613,0.8970433371540759,0.6543205686509386,1.3458126043520557,0.4082593108401892,ours
PAIR_2020_East,2020,East,2181,5,2181,3.011106697181692,2.117707793816449,0.1895512615314474,0.9816951500201782,0.7537826685006878,0.5068835846168641,3.750121503205027,2181,1.8076422947879516,1.3054891434637756,0.7079224012153738,-0.0271619970320664,0.9133425034387895,0.7361462301556273,1.454150948627605,2181,1.8272118004454612,1.3208396260242707,0.7015641146299746,-0.03914532035420449,0.911508482347547,0.7743029250365941,1.2279504620483312,1.183894896736231,0.5120128530985272,ours
PAIR_2020_North,2020,North,1826,2,1826,2.866380751759656,2.117467730063546,-0.04268276349879674,1.498646581074426,0.7278203723986857,0.6011338108499958,3.4146011482277814,1826,1.6038830972083196,1.182332891679238,0.6735400891008598,0.1315703798913261,0.9397590361445783,0.6813809915123985,1.6620574482352297,1826,1.626585276516433,1.1911936823119043,0.6642329226732584,0.0919783030407743,0.9353778751369113,0.7194842475030152,1.4394363021767598,1.2397954752432228,0.7069156861720551,ours
PAIR_2020_Toronto,2020,Toronto,1824,7,1824,2.8635422943988504,1.8669645846968144,0.5166550585275189,-0.17172458400647553,0.8223684210526315,0.5111671989814505,3.251088119614735,1824,1.7818152601870165,1.3142011885231655,0.812856252464469,0.16098710421345827,0.9161184210526315,0.7714499651852075,1.7612969871573734,1824,1.7923104611101228,1.3263512009981888,0.8106451414095679,0.2012073674239606,0.9161184210526315,0.7945707630199288,1.6396251670591298,1.0712318332887276,0.293990082882049,ours
PAIR_2020_West_NH,2020,West_NH,2556,7,2556,3.179163681857897,2.1703653316083344,0.3578183579567755,0.22857307763164375,0.7660406885758998,0.4972455678184257,3.6928627780897734,2556,1.7043749877628696,1.2479766694273624,0.8154294469154753,-0.08978676301865023,0.9209702660406885,0.799263364109337,1.2934130970066229,2556,1.7068675610281905,1.2557063411707277,0.8148891995696469,-0.10260455151621294,0.9225352112676056,0.82952111662039,1.0721006366108832,1.4722961208297067,0.45707084161287137,ours
PAIR_2020_West_SW,2020,West_SW,3271,6,3271,2.9637978524731556,2.134993470189832,0.4273156937809267,0.37480841295019235,0.7597065117701008,0.5722706296655978,3.184901702415372,3271,1.949855477601962,1.3981208936039746,0.7521305691381015,0.09005330391953031,0.9009477224090492,0.7115155694953581,1.985336205915463,3271,1.9460799212405215,1.399314755319461,0.7530895519618103,0.06572073668103477,0.8988077040660348,0.7417852666936131,1.7621380033700975,1.017717931232634,0.32577385818088356,ours
PAIR_2021_Central,2021,Central,3276,3,3276,3.556122801124111,2.3154391371804515,0.3922195937206411,0.6450410777645118,0.7435897435897436,0.5288703026877473,3.8335683947976964,3276,1.8777307810820039,1.283345207882895,0.8305428699720474,0.15832932365208974,0.9264346764346765,0.7987734272100945,1.5201972507089867,3276,1.882001189356541,1.2895743279364287,0.8297712215384131,0.15118509626177462,0.923992673992674,0.8220594359098087,1.355457195105572,1.67412161176757,0.437551627817772,ours
PAIR_2021_East,2021,East,2173,3,2173,3.756722049234861,2.5342415252274924,0.21601007855155696,1.1468364019166322,0.7054763000460194,0.567833436851201,3.7246552657151226,2173,2.256439097635422,1.558862150629537,0.717160810312382,-0.03803459235576923,0.8771283939254487,0.6368453324698036,2.128137046687678,2173,2.2510588739627506,1.5575417059801628,0.7185079983657715,-0.03855724998305726,0.8720662678324896,0.6666514353157191,1.9498247571816654,1.5056631752721104,0.5024979198142145,ours
PAIR_2021_North,2021,North,1817,3,1817,3.1768971665653547,2.2044243609934284,0.5489315289779908,1.2127368595136168,0.7380297193175565,0.7109274318683905,2.876634429177424,1817,4.0455226337915215,1.8217246353338343,0.2685486806253793,0.16737350074691715,0.8811227297743534,0.8653655025146927,0.9423277435746916,1817,3.985306292211689,1.799284720681473,0.2901614738368612,0.0926046312931052,0.8844248761695102,0.8688252904679643,0.8476443841220203,-0.8084091256463344,-0.2587700551411296,canossem
PAIR_2021_Toronto,2021,Toronto,1820,6,1820,3.6216652999650547,2.316559655768563,0.4571449441166511,-0.2744339060679766,0.756043956043956,0.5050277645298353,3.617832653180789,1820,2.1403911260786055,1.4901544998990124,0.8103933581730061,-0.17600263458576246,0.889010989010989,0.7272884547257568,1.968493464238301,1820,2.147173861515278,1.5044249115621668,0.8091897562962531,-0.15781716091139902,0.8835164835164835,0.7388698900783528,1.8956070952906385,1.474491438449777,0.35204481217960204,ours
PAIR_2021_West_NH,2021,West_NH,2536,3,2536,3.820552268203077,2.6627092743329284,0.36606083567867187,0.1195067012124635,0.6845425867507886,0.47902656678265826,4.0647060644248825,2536,2.2262831398005605,1.5939079463845525,0.7847435931857037,0.006097795300446031,0.8584384858044164,0.7192349324386474,2.132260273326915,2536,2.201349788676979,1.5781928701101129,0.7895381398907715,0.005598829467148443,0.8596214511041009,0.7492877104234741,1.9041792601014986,1.619202479526098,0.4234773042120996,ours
PAIR_2021_West_SW,2021,West_SW,3246,8,3246,3.8815449599486533,2.7052108196230837,0.22835034738071813,0.2794333814730058,0.6823783117683303,0.4612355211137787,4.238033496791017,3246,2.3703599662345476,1.6794049318341022,0.7122339667278426,-0.017042120465785803,0.8508934072704868,0.724504240649281,2.007177343649427,3246,2.37550138724359,1.6810262473275157,0.7109842570373635,-0.012963520139151105,0.8496611213801601,0.7516091556166797,1.8121011672219531,1.5060435727050634,0.4826339096566453,ours
PAIR_2022_Central,2022,Central,3246,4,3246,3.3120053137238554,2.0347142969840992,0.2895760685267106,0.6944718172137995,0.7880468268638324,0.49422484352445256,3.9006437394938382,3246,2.0072331568309654,1.1896787453496465,0.7390656961164643,0.07698782932018632,0.9433148490449784,0.7348682204435171,1.7576913127449103,3246,2.0201445298524536,1.205859765042439,0.7356980199682495,0.07825029964199373,0.9399260628465804,0.7652791586397379,1.5661750454664847,1.2918607838714018,0.4461219514415389,ours
PAIR_2022_East,2022,East,1804,1,1804,3.0592684721806713,2.2087758193098557,0.1854865831696415,0.8874714486592024,0.7516629711751663,0.49353047113556736,3.895700491133393,1804,2.013882814121988,1.4210867415812398,0.6470351551558212,-0.08786842871326593,0.906319290465632,0.6140718662064453,2.2043923179276104,1804,2.02327533244508,1.4314259475476334,0.6437351024689745,-0.058336632987143075,0.9029933481152993,0.649081279302231,2.025982021913578,1.0359931397355915,0.45824851929933297,ours
PAIR_2022_North,2022,North,1805,6,1805,2.963475709224758,2.179118362342551,-0.2086259970156128,1.5184233622632888,0.7340720221606648,0.5242907139304916,3.8284676707434446,1805,1.5708964188727046,1.1857514659024901,0.6603870148498064,0.12984438013692723,0.9390581717451524,0.6423387799189804,1.8666472763736541,1805,1.5827173421966207,1.1911291135300233,0.6552566400908274,0.12822452006075477,0.9373961218836565,0.6867264585209235,1.6494808475763414,1.3807583670281371,0.8638826371064402,ours
PAIR_2022_Toronto,2022,Toronto,1800,5,1800,3.3124860512572836,2.166278091825265,0.3118875140964428,0.03202836381714955,0.7577777777777778,0.4840682194849171,3.747416034638063,1800,2.07011809625294,1.5040854587188925,0.7312542743500322,0.1676201467827495,0.8822222222222222,0.7462352515070091,1.9950602337232075,1800,2.0979673404661754,1.5154436902130748,0.7239747777421479,0.24411068412090822,0.8844444444444445,0.767688708038336,1.9170576560735528,1.2145187107911082,0.41208726364570514,ours
PAIR_2022_West_NH,2022,West_NH,2525,4,2525,3.5526533269989002,2.301692411811259,0.27469031971267144,0.3938908200267502,0.7417821782178218,0.5233436736258232,3.67850339770351,2525,2.048715368809702,1.4874203645932054,0.7587979116775746,0.3345288360521822,0.8863366336633663,0.7392461694294766,2.1313691677107562,2525,2.048900799990371,1.4964882263365478,0.7587542468397815,0.37448508864164204,0.8823762376237624,0.776711012384638,1.913157244232401,1.5037525270085292,0.4840639271271101,ours
PAIR_2022_West_SW,2022,West_SW,3214,7,3214,3.4628460112743724,2.4320950158533368,0.338928868022184,0.3558110384106436,0.7246421904169259,0.49449012284198907,3.820480910405439,3214,2.302725138030887,1.6245358033822725,0.7076749465247028,0.005355626504254854,0.8627878033602987,0.6592756454101668,2.3406164381011547,3214,2.2991834589758375,1.6371573164046536,0.7085734691664975,0.012084629982481155,0.8568761667703796,0.6870126742211277,2.1572410491582836,1.1636625522985349,0.3696446011443135,ours
PAIR_2023_Central,2023,Central,3280,5,3280,3.1220059271720073,2.191751254295949,0.8773448345004433,1.083271786438074,0.7893292682926829,0.8773161736748305,2.1190103915075875,3280,3.324868786929286,1.4372244174237372,0.8608870955192508,0.10464531579667663,0.9060975609756098,0.8583463111527637,1.3005339547825594,3280,3.349986262089614,1.4480535391278049,0.8587773201550568,0.09722242183936719,0.9048780487804878,0.8662658135860108,1.2262519266691685,-0.2279803349176066,-0.018567514345386504,canossem
PAIR_2023_East,2023,East,1818,8,1818,4.4192352814764595,2.228280413413325,0.8868528227303806,1.1178166422980476,0.8063806380638063,0.8655192435337792,2.2209365182218757,1818,8.326620029964579,2.758145913420641,0.59831374670205,0.23602664013039756,0.819031903190319,0.5820055675212198,3.664754873144643,1818,8.300375868101947,2.783361359900031,0.6008418567390952,0.32025899064019087,0.8168316831683168,0.6047199615559886,3.562665401947457,-3.881140586625487,-0.2860109659912854,canossem
PAIR_2023_North,2023,North,1631,5,1631,4.841830747051806,2.4033190970278815,0.9052072311216937,1.5608488487533358,0.7584304107909258,0.9033041336929541,2.320120760954766,1631,11.36406775676324,2.9693356542119553,0.477815916556976,-0.4111272676497266,0.8313917841814837,0.4130027223042869,4.198072303279453,1631,11.35691586012157,2.989487248797796,0.47847297554295487,-0.3887265914504099,0.8295524218271,0.42380463448424616,4.135654581034863,-6.515085113069763,-0.4267342555787388,canossem
PAIR_2023_Toronto,2023,Toronto,1701,7,1701,3.6863283068213337,2.289936792700949,0.798958854927128,0.5440634052349151,0.7736625514403292,0.8660222419114063,1.7769973019989216,1701,2.4624714142466866,1.4706528122062241,0.9102903169636537,0.10750001068213884,0.8894767783656673,0.9207739792452082,0.8365795824549421,1701,2.472304419947364,1.480497503938287,0.9095724389587866,0.14471993949371387,0.8883009994121105,0.9280529309267794,0.8068147640282342,1.21402388687397,0.11061358403165855,ours
PAIR_2023_West_NH,2023,West_NH,2546,1,2546,3.6207761840579487,2.3703531541579075,0.7904530975628792,0.6428867257480525,0.7800471327572663,0.8317097177551217,2.1855123870209563,2546,2.8238152935978773,1.4575850418015088,0.8725468840809065,0.3807840768112999,0.9088766692851532,1.0317149501082161,0.09007034557080199,2546,2.8754192724727616,1.457511128063554,0.8678460209567769,0.4024618696400395,0.908483896307934,1.0451497715091593,-0.011401576315157614,0.745356911585187,0.0773929233938977,ours
PAIR_2023_West_SW,2023,West_SW,3226,6,3226,3.9782726151065986,2.2434960980464522,0.8404834398303609,0.862305438863037,0.8140111593304402,0.8320095046425079,2.460327912910995,3226,5.451659765384472,2.270654280966073,0.7004466482867382,-0.6473522974719234,0.810601363918165,0.574168366692484,3.403403780946963,3226,5.339224899473474,2.2671710150825857,0.7126751923386541,-0.6119473566526212,0.801301921884687,0.5956198766141211,3.234749588039152,-1.3609522843668755,-0.12780824749170683,canossem
